start,end,days
2021-06-25,2021-09-07,75
2020-11-27,2021-01-04,39
2019-11-03,2019-11-27,25
2022-11-05,2022-11-09,5
2021-06-10,2021-06-13,4
2021-01-09,2021-01-12,4
2021-03-12,2021-03-14,3
2021-04-28,2021-04-30,3
2023-12-14,2023-12-16,3
2020-11-22,2020-11-24,3
2020-11-12,2020-11-13,2
2021-09-18,2021-09-19,2
2023-04-13,2023-04-14,2
2020-02-02,2020-02-02,1
2019-05-07,2019-05-07,1
2019-09-14,2019-09-14,1
2021-01-07,2021-01-07,1
2020-11-20,2020-11-20,1
2020-03-14,2020-03-14,1
2020-03-07,2020-03-07,1
2021-06-15,2021-06-15,1
2021-04-02,2021-04-02,1
2021-03-08,2021-03-08,1
2021-03-20,2021-03-20,1
2020-09-03,2020-09-03,1
2022-02-22,2022-02-22,1
2021-06-22,2021-06-22,1
2021-06-19,2021-06-19,1
2022-09-30,2022-09-30,1
2022-08-12,2022-08-12,1
2022-05-22,2022-05-22,1
2023-05-08,2023-05-08,1
2024-11-04,2024-11-04,1
2025-11-25,2025-11-25,1
2025-12-25,2025-12-25,1
2026-06-23,2026-06-23,1
